season,episode,song_title,song_url,artist_name,artist_url
1,S1E1,Red Right Hand (2011 Remastered Version),https://www.tunefind.com/song/59219/74443/,Nick Cave & The Bad Seeds,https://www.tunefind.com/artist/nick-cave-the-bad-seeds
1,S1E1,Zanstra,https://www.tunefind.com/song/173998/231392/,"Nick Cave & The Bad Seeds, Warren Ellis",https://www.tunefind.com/artist/nick-cave-the-bad-seeds-warren-ellis
1,S1E1,Martha's Dream,https://www.tunefind.com/song/59240/74442/,Nick Cave & Warren Ellis,https://www.tunefind.com/artist/nick-cave-warren-ellis
1,S1E1,I Think I Smell a Rat,https://www.tunefind.com/song/16397/74444/i-think-i-smell-a-rat,The White Stripes,https://www.tunefind.com/artist/the-white-stripes
1,S1E1,St. James Infirmary Blues,https://www.tunefind.com/song/59235/74445/,The White Stripes,https://www.tunefind.com/artist/the-white-stripes
1,S1E1,Creases,https://www.tunefind.com/song/97683/124829/,Mearl,https://www.tunefind.com/artist/mearl
1,S1E1,Song For Jesse,https://www.tunefind.com/song/59223/74447/,Nick Cave & Warren Ellis,https://www.tunefind.com/artist/nick-cave-warren-ellis
1,S1E1,Queenie's Suite,https://www.tunefind.com/song/59222/74446/,Nick Cave & Warren Ellis,https://www.tunefind.com/artist/nick-cave-warren-ellis
1,S1E1,People Ain't No Good (2011 Remastered Edition),https://www.tunefind.com/song/633/76049/people-aint-no-good,Nick Cave & The Bad Seeds,https://www.tunefind.com/artist/nick-cave-the-bad-seeds
1,S1E1,Carrickfergus,https://www.tunefind.com/song/83628/105771/,Irish Folk song,https://www.tunefind.com/artist/irish-folk-song
1,S1E1,Let Your Mother Win,https://www.tunefind.com/song/137062/180878/,Mearl,https://www.tunefind.com/artist/mearl
1,S1E1,Sheep,https://www.tunefind.com/song/98094/125379/,Mearl,https://www.tunefind.com/artist/mearl
1,S1E1,The Boy I Love is Up in the Gallery,https://www.tunefind.com/song/83629/105772/,George Ware,https://www.tunefind.com/artist/george-ware
1,S1E1,Blue Veins,https://www.tunefind.com/song/59225/288819/,The Raconteurs,https://www.tunefind.com/artist/the-raconteurs
1,S1E1,Love Is Blindness,https://www.tunefind.com/song/58127/247910/,Jack White,https://www.tunefind.com/artist/jack-white
1,S1E2,Blue Veins,https://www.tunefind.com/song/59225/74449/,The Raconteurs,https://www.tunefind.com/artist/the-raconteurs
1,S1E2,The Hardest Button to Button,https://www.tunefind.com/song/59226/74450/,The White Stripes,https://www.tunefind.com/artist/the-white-stripes
1,S1E2,Black Math,https://www.tunefind.com/song/59228/74452/,The White Stripes,https://www.tunefind.com/artist/the-white-stripes
1,S1E2,Tough Call,https://www.tunefind.com/song/59224/74448/,The Samphire Band,https://www.tunefind.com/artist/the-samphire-band
1,S1E2,The Proposition #1,https://www.tunefind.com/song/59227/74451/,Nick Cave & Warren Ellis,https://www.tunefind.com/artist/nick-cave-warren-ellis
1,S1E2,Tosca: Io tenni la promessa,https://www.tunefind.com/song/182736/242872/,Alberto Albertini,https://www.tunefind.com/artist/alberto-albertini
1,S1E2,"Brother, My Cup Is Empty (2010 Remastered Version)",https://www.tunefind.com/song/59231/74455/,Nick Cave & The Bad Seeds,https://www.tunefind.com/artist/nick-cave-the-bad-seeds
1,S1E2,Vedi Le Mani Giunte Io Stendo,https://www.tunefind.com/song/182737/242873/,Giacomo Puccini,https://www.tunefind.com/artist/giacomo-puccini
1,S1E2,Little Room,https://www.tunefind.com/song/59232/74456/,The White Stripes,https://www.tunefind.com/artist/the-white-stripes
1,S1E2,Red Right Hand (Single Version) [1998 Remastered Version],https://www.tunefind.com/song/10253/84049/red-right-hand,Nick Cave & The Bad Seeds,https://www.tunefind.com/artist/nick-cave-the-bad-seeds
1,S1E2,Black Velvet Band,https://www.tunefind.com/song/91728/116953/,Traditional Irish Folk song,https://www.tunefind.com/artist/traditional-irish-folk-song
1,S1E3,Red Right Hand (Single Version) [1998 Remastered Version],https://www.tunefind.com/song/10253/80845/red-right-hand,Nick Cave & The Bad Seeds,https://www.tunefind.com/artist/nick-cave-the-bad-seeds
1,S1E3,Abattoir Blues,https://www.tunefind.com/song/59236/74460/,Nick Cave & The Bad Seeds,https://www.tunefind.com/artist/nick-cave-the-bad-seeds
1,S1E3,St. James Infirmary Blues,https://www.tunefind.com/song/59235/74459/,The White Stripes,https://www.tunefind.com/artist/the-white-stripes
1,S1E3,When I Hear My Name,https://www.tunefind.com/song/59233/74457/,The White Stripes,https://www.tunefind.com/artist/the-white-stripes
1,S1E3,Cataract Rag,https://www.tunefind.com/song/83340/105404/,Ken Colyer's Jazzmen,https://www.tunefind.com/artist/ken-colyers-jazzmen
1,S1E3,Five Foot Two,https://www.tunefind.com/song/154768/206655/,Firehouse Five Plus Two,https://www.tunefind.com/artist/firehouse-five-plus-two
1,S1E3,Carinhoso,https://www.tunefind.com/song/269658/358312/,Pixinguinha,https://www.tunefind.com/artist/pixinguinha
1,S1E3,Fascination Waltz,https://www.tunefind.com/song/139284/183794/,The Moonlight Orchestra,https://www.tunefind.com/artist/the-moonlight-orchestra
1,S1E4,I Fought Piranhas,https://www.tunefind.com/song/59237/74461/,The White Stripes,https://www.tunefind.com/artist/the-white-stripes
1,S1E4,Clap Hands,https://www.tunefind.com/song/50403/74462/,Tom Waits,https://www.tunefind.com/artist/tom-waits
1,S1E4,Broken Boy Soldier,https://www.tunefind.com/song/9676/74463/broken-boy-soldiers,The Raconteurs,https://www.tunefind.com/artist/the-raconteurs
1,S1E4,Martha's Dream,https://www.tunefind.com/song/59240/74464/,Nick Cave & Warren Ellis,https://www.tunefind.com/artist/nick-cave-warren-ellis
1,S1E4,Bring It On,https://www.tunefind.com/song/72756/91309/,Nick Cave & The Bad Seeds,https://www.tunefind.com/artist/nick-cave-the-bad-seeds
1,S1E4,Truce,https://www.tunefind.com/song/101497/130211/,Mearl,https://www.tunefind.com/artist/mearl
1,S1E5,Red Right Hand (Single Version) [1998 Remastered Version],https://www.tunefind.com/song/10253/90230/red-right-hand,Nick Cave & The Bad Seeds,https://www.tunefind.com/artist/nick-cave-the-bad-seeds
1,S1E5,God Is In the House (2011 Remastered Edition),https://www.tunefind.com/song/59243/74467/,Nick Cave & The Bad Seeds,https://www.tunefind.com/artist/nick-cave-the-bad-seeds
1,S1E5,Ball and Biscuit,https://www.tunefind.com/song/96897/74465/,The White Stripes,https://www.tunefind.com/artist/the-white-stripes
1,S1E5,Little Cream Soda,https://www.tunefind.com/song/59242/74466/,The White Stripes,https://www.tunefind.com/artist/the-white-stripes
1,S1E5,Bring It On,https://www.tunefind.com/song/72756/74468/,Nick Cave & The Bad Seeds,https://www.tunefind.com/artist/nick-cave-the-bad-seeds
1,S1E5,Time,https://www.tunefind.com/song/66428/83374/,Tom Waits,https://www.tunefind.com/artist/tom-waits
1,S1E5,I Am Stretched On Your Grave,https://www.tunefind.com/song/86268/109546/,Kate Rusby,https://www.tunefind.com/artist/kate-rusby
1,S1E5,Cordial & Water,https://www.tunefind.com/song/161560/216032/,Mearls,https://www.tunefind.com/artist/mearls
1,S1E5,Christmas Card from a Hooker in Minneapolis,https://www.tunefind.com/song/149740/199037/,Tom Waits,https://www.tunefind.com/artist/tom-waits
1,S1E5,Riders On the Storm,https://www.tunefind.com/song/130382/277099/,The Doors,https://www.tunefind.com/artist/the-doors
1,S1E6,The Prowl,https://www.tunefind.com/song/30050/74469/the-prowl,Dan Auerbach,https://www.tunefind.com/artist/dan-auerbach
1,S1E6,Love Is Blindness,https://www.tunefind.com/song/58127/109465/,Jack White,https://www.tunefind.com/artist/jack-white
1,S1E6,Truce,https://www.tunefind.com/song/101497/161145/,Mearl,https://www.tunefind.com/artist/mearl
1,S1E6,All Guns No Balls,https://www.tunefind.com/song/79420/99727/,Mearl,https://www.tunefind.com/artist/mearl
1,S1E6,Creases,https://www.tunefind.com/song/97683/217542/,Mearl,https://www.tunefind.com/artist/mearl
2,S2E1,To Bring You My Love,https://www.tunefind.com/song/71915/90235/,PJ Harvey,https://www.tunefind.com/artist/pj-harvey
2,S2E1,Down by the Water,https://www.tunefind.com/song/63437/90228/,PJ Harvey,https://www.tunefind.com/artist/pj-harvey
2,S2E1,Rocking Horse,https://www.tunefind.com/song/19832/90194/rocking-horse,The Dead Weather,https://www.tunefind.com/artist/the-dead-weather
2,S2E1,Danny Boy,https://www.tunefind.com/song/71888/90195/,Johnny Cash,https://www.tunefind.com/artist/johnny-cash
2,S2E1,Long Snake Moan,https://www.tunefind.com/song/71889/90196/,PJ Harvey,https://www.tunefind.com/artist/pj-harvey
2,S2E2,R U Mine?,https://www.tunefind.com/song/72150/90543/,Arctic Monkeys,https://www.tunefind.com/artist/arctic-monkeys
2,S2E2,Red Right Hand (Peaky Blinders Theme) [Flood Remix],https://www.tunefind.com/song/72122/90506/,Nick Cave & The Bad Seeds,https://www.tunefind.com/artist/nick-cave-the-bad-seeds
2,S2E2,Broken Harp,https://www.tunefind.com/song/72119/90502/,PJ Harvey,https://www.tunefind.com/artist/pj-harvey
2,S2E2,Man-Size,https://www.tunefind.com/song/72117/90500/,PJ Harvey,https://www.tunefind.com/artist/pj-harvey
2,S2E2,A Perfect Day Elise,https://www.tunefind.com/song/72118/90501/,PJ Harvey,https://www.tunefind.com/artist/pj-harvey
2,S2E2,Pull A U,https://www.tunefind.com/song/72120/90503/,The Kills,https://www.tunefind.com/artist/the-kills
2,S2E2,"If You Were There, Beware",https://www.tunefind.com/song/72121/90505/,Arctic Monkeys,https://www.tunefind.com/artist/arctic-monkeys
2,S2E2,When Under Ether,https://www.tunefind.com/song/50226/90571/,PJ Harvey,https://www.tunefind.com/artist/pj-harvey
2,S2E2,I Want Some More,https://www.tunefind.com/song/64989/90504/,Dan Auerbach,https://www.tunefind.com/artist/dan-auerbach
2,S2E2,Livery Stable Blues,https://www.tunefind.com/song/154766/206653/,The Original Dixieland Jazz Band,https://www.tunefind.com/artist/the-original-dixieland-jazz-band
2,S2E2,Snakehips Swing,https://www.tunefind.com/song/154767/206654/,"Ken ""Snakehips"" Johnson & The West Indian Orchestra",https://www.tunefind.com/artist/ken-snakehips-johnson-the-west-indian-orchestra
2,S2E3,Red Right Hand,https://www.tunefind.com/song/72380/90828/,PJ Harvey,https://www.tunefind.com/artist/pj-harvey
2,S2E3,Out of the Black,https://www.tunefind.com/song/72377/90825/,Royal Blood,https://www.tunefind.com/artist/royal-blood
2,S2E3,Red Right Hand,https://www.tunefind.com/song/72376/90824/,Arctic Monkeys,https://www.tunefind.com/artist/arctic-monkeys
2,S2E3,All & Everyone,https://www.tunefind.com/song/72378/90826/,PJ Harvey,https://www.tunefind.com/artist/pj-harvey
2,S2E3,The Water Is Wide,https://www.tunefind.com/song/72381/90829/,PJ Harvey,https://www.tunefind.com/artist/pj-harvey
2,S2E3,Loverman (2011 Remastered Version),https://www.tunefind.com/song/72379/90827/,Nick Cave & The Bad Seeds,https://www.tunefind.com/artist/nick-cave-the-bad-seeds
2,S2E3,R U Mine?,https://www.tunefind.com/song/59942/90959/,Arctic Monkeys,https://www.tunefind.com/artist/arctic-monkeys
2,S2E3,You and Whose Army?,https://www.tunefind.com/song/99552/128300/,Radiohead,https://www.tunefind.com/artist/radiohead
2,S2E4,Red Right Hand (Peaky Blinders Theme) [Flood Remix],https://www.tunefind.com/song/72122/91262/,Nick Cave & The Bad Seeds,https://www.tunefind.com/artist/nick-cave-the-bad-seeds
2,S2E4,Long Snake Moan,https://www.tunefind.com/song/71889/91260/,PJ Harvey,https://www.tunefind.com/artist/pj-harvey
2,S2E4,Naked Cousin (Peel 2.3.93),https://www.tunefind.com/song/72719/91259/,PJ Harvey,https://www.tunefind.com/artist/pj-harvey
2,S2E4,Is This Desire?,https://www.tunefind.com/song/72720/91261/,PJ Harvey,https://www.tunefind.com/artist/pj-harvey
2,S2E4,R U Mine?,https://www.tunefind.com/song/59942/209963/,Arctic Monkeys,https://www.tunefind.com/artist/arctic-monkeys
2,S2E5,R U Mine?,https://www.tunefind.com/song/72150/94193/,Arctic Monkeys,https://www.tunefind.com/artist/arctic-monkeys
2,S2E5,Catherine,https://www.tunefind.com/song/83794/91662/,PJ Harvey,https://www.tunefind.com/artist/pj-harvey
2,S2E5,To Bring You My Love,https://www.tunefind.com/song/71915/91697/,PJ Harvey,https://www.tunefind.com/artist/pj-harvey
2,S2E5,What He Wrote,https://www.tunefind.com/song/73009/91661/,Laura Marling,https://www.tunefind.com/artist/laura-marling
2,S2E5,Working for the Man,https://www.tunefind.com/song/73014/91666/,PJ Harvey,https://www.tunefind.com/artist/pj-harvey
2,S2E5,C'mon Billy,https://www.tunefind.com/song/73015/91667/,PJ Harvey,https://www.tunefind.com/artist/pj-harvey
2,S2E6,One For the Road,https://www.tunefind.com/song/73209/91911/,Arctic Monkeys,https://www.tunefind.com/artist/arctic-monkeys
2,S2E6,Arabella,https://www.tunefind.com/song/73210/91912/,Arctic Monkeys,https://www.tunefind.com/artist/arctic-monkeys
2,S2E6,My Naked Cousin,https://www.tunefind.com/song/73211/91913/,PJ Harvey,https://www.tunefind.com/artist/pj-harvey
2,S2E6,Fried My Little Brains,https://www.tunefind.com/song/61423/92033/,The Kills,https://www.tunefind.com/artist/the-kills
2,S2E6,Red Right Hand (Single Version) [1998 Remastered Version],https://www.tunefind.com/song/10253/91914/red-right-hand,Nick Cave & The Bad Seeds,https://www.tunefind.com/artist/nick-cave-the-bad-seeds
2,S2E6,Down by the Water,https://www.tunefind.com/song/63437/92191/,PJ Harvey,https://www.tunefind.com/artist/pj-harvey
2,S2E6,Where I Lay,https://www.tunefind.com/song/73234/91942/,Pistol Day Parade,https://www.tunefind.com/artist/pistol-day-parade
2,S2E6,Where I Lay,https://www.tunefind.com/song/73235/91943/,The Team,https://www.tunefind.com/artist/the-team
2,S2E6,National Anthem of Great Britain (God Save the Queen),https://www.tunefind.com/song/74044/93060/,APM International Orchestra,https://www.tunefind.com/artist/apm-international-orchestra
2,S2E6,Love Bomb,https://www.tunefind.com/song/138632/182937/,Grinderman,https://www.tunefind.com/artist/grinderman
2,S2E6,To Bring You My Love,https://www.tunefind.com/song/71915/234718/,PJ Harvey,https://www.tunefind.com/artist/pj-harvey
2,S2E6,Come On Over,https://www.tunefind.com/song/67233/91949/,Royal Blood,https://www.tunefind.com/artist/royal-blood
2,S2E6,River Styx,https://www.tunefind.com/song/24156/92075/river-styx,Black Rebel Motorcycle Club,https://www.tunefind.com/artist/black-rebel-motorcycle-club
2,S2E6,All My Tears,https://www.tunefind.com/song/73236/91945/,Ane Brun,https://www.tunefind.com/artist/ane-brun
2,S2E6,Do I Wanna Know?,https://www.tunefind.com/song/64572/91946/,Arctic Monkeys,https://www.tunefind.com/artist/arctic-monkeys
2,S2E6,C'mon Billy,https://www.tunefind.com/song/73015/93394/,PJ Harvey,https://www.tunefind.com/artist/pj-harvey
3,S3E1,Red Right Hand (2011 Remastered Version),https://www.tunefind.com/song/59219/308922/,Nick Cave & The Bad Seeds,https://www.tunefind.com/artist/nick-cave-the-bad-seeds
3,S3E1,Breathless,https://www.tunefind.com/song/99551/127317/,Nick Cave & The Bad Seeds,https://www.tunefind.com/artist/nick-cave-the-bad-seeds
3,S3E1,In the Bleak Mid-Winter,https://www.tunefind.com/song/233087/308959/,Australian Children's Choir,https://www.tunefind.com/artist/australian-childrens-choir
3,S3E1,Dangerous Animals,https://www.tunefind.com/song/99612/127394/,Arctic Monkeys,https://www.tunefind.com/artist/arctic-monkeys
3,S3E1,Creases,https://www.tunefind.com/song/97683/129695/,Mearl,https://www.tunefind.com/artist/mearl
3,S3E1,Fighting,https://www.tunefind.com/song/127854/167915/,Dickon Hinchliffe,https://www.tunefind.com/artist/dickon-hinchliffe
3,S3E1,You and Whose Army?,https://www.tunefind.com/song/99552/127318/,Radiohead,https://www.tunefind.com/artist/radiohead
3,S3E2,Used To Be My Girl,https://www.tunefind.com/song/99963/127942/,The Last Shadow Puppets,https://www.tunefind.com/artist/the-last-shadow-puppets
3,S3E2,The Keys,https://www.tunefind.com/song/218657/289033/,Dickon Hinchliffe,https://www.tunefind.com/artist/dickon-hinchliffe
3,S3E2,DNA,https://www.tunefind.com/song/30896/128122/dna,The Kills,https://www.tunefind.com/artist/the-kills
3,S3E2,Horses,https://www.tunefind.com/song/201584/266388/,Dickon Hinchliffe,https://www.tunefind.com/artist/dickon-hinchliffe
3,S3E2,This Is Love,https://www.tunefind.com/song/53356/127964/,PJ Harvey,https://www.tunefind.com/artist/pj-harvey
3,S3E2,Crying Lightning,https://www.tunefind.com/song/100026/128023/,Arctic Monkeys,https://www.tunefind.com/artist/arctic-monkeys
3,S3E2,I Might Be Wrong,https://www.tunefind.com/song/63480/128022/,Radiohead,https://www.tunefind.com/artist/radiohead
3,S3E2,Sons (From 'Peaky Blinders' Original Soundtrack / Series 3),https://www.tunefind.com/song/201583/266387/,Dickon Hinchliffe,https://www.tunefind.com/artist/dickon-hinchliffe
3,S3E2,Riders On the Storm,https://www.tunefind.com/song/130382/277089/,The Doors,https://www.tunefind.com/artist/the-doors
3,S3E2,Red Right Hand,https://www.tunefind.com/song/209700/277092/,The Bad Seeds,https://www.tunefind.com/artist/the-bad-seeds
3,S3E2,The Dance,https://www.tunefind.com/song/217547/287094/,Dickon Hinchliffe,https://www.tunefind.com/artist/dickon-hinchliffe
3,S3E3,Red Right Hand,https://www.tunefind.com/song/72380/129696/,PJ Harvey,https://www.tunefind.com/artist/pj-harvey
3,S3E3,Burn the Witch,https://www.tunefind.com/song/6489/128468/burn-the-witch,Queens of the Stone Age,https://www.tunefind.com/artist/queens-of-the-stone-age
3,S3E3,Soldier's Things,https://www.tunefind.com/song/100334/128465/,Tom Waits,https://www.tunefind.com/artist/tom-waits
3,S3E3,Don't Sit Down 'Cause I've Moved Your Chair,https://www.tunefind.com/song/96646/128467/,Arctic Monkeys,https://www.tunefind.com/artist/arctic-monkeys
3,S3E3,Tupelo (2009 Remastered Version),https://www.tunefind.com/song/100522/128699/,Nick Cave & The Bad Seeds,https://www.tunefind.com/artist/nick-cave-the-bad-seeds
3,S3E3,Shiny Things,https://www.tunefind.com/song/101332/129997/,Tom Waits,https://www.tunefind.com/artist/tom-waits
3,S3E3,Sons (From 'Peaky Blinders' Original Soundtrack / Series 3),https://www.tunefind.com/song/201583/352697/,Dickon Hinchliffe,https://www.tunefind.com/artist/dickon-hinchliffe
3,S3E3,The Docks,https://www.tunefind.com/song/265508/352698/,Dickon Hinchcliffe,https://www.tunefind.com/artist/dickon-hinchcliffe
3,S3E4,Bad Habits,https://www.tunefind.com/song/100693/128974/,The Last Shadow Puppets,https://www.tunefind.com/artist/the-last-shadow-puppets
3,S3E4,Meet Ze Mostra,https://www.tunefind.com/song/52160/128975/,PJ Harvey,https://www.tunefind.com/artist/pj-harvey
3,S3E4,Used To Be My Girl,https://www.tunefind.com/song/99963/130406/,The Last Shadow Puppets,https://www.tunefind.com/artist/the-last-shadow-puppets
3,S3E4,Arthur's Baby,https://www.tunefind.com/song/265995/353365/,Dickon Hinchliffe,https://www.tunefind.com/artist/dickon-hinchliffe
3,S3E4,His Word,https://www.tunefind.com/song/176843/235181/,Dickon Hinchliffe,https://www.tunefind.com/artist/dickon-hinchliffe
3,S3E5,Lazarus,https://www.tunefind.com/song/101203/129799/,David Bowie,https://www.tunefind.com/artist/david-bowie
3,S3E5,Cherry Lips,https://www.tunefind.com/song/101305/129958/,Archie Bronson Outfit,https://www.tunefind.com/artist/archie-bronson-outfit
3,S3E5,Baby Did a Bad Bad Thing,https://www.tunefind.com/song/101306/129959/,Queen Kwong,https://www.tunefind.com/artist/queen-kwong
3,S3E5,Need (Bryan Gonzalez Remix),https://www.tunefind.com/song/101307/129960/,Ernesto Deep,https://www.tunefind.com/artist/ernesto-deep
3,S3E5,Monkey 23,https://www.tunefind.com/song/101308/129961/,The Kills,https://www.tunefind.com/artist/the-kills
3,S3E5,You Want it,https://www.tunefind.com/song/101991/130920/,Leonard Cohen,https://www.tunefind.com/artist/leonard-cohen
3,S3E5,You Want It Darker,https://www.tunefind.com/song/131602/191987/,Leonard Cohen,https://www.tunefind.com/artist/leonard-cohen
3,S3E5,Used To Be My Girl,https://www.tunefind.com/song/99963/340939/,The Last Shadow Puppets,https://www.tunefind.com/artist/the-last-shadow-puppets
3,S3E6,Life in a Glasshouse,https://www.tunefind.com/song/8107/130262/life-in-a-glass-house,Radiohead,https://www.tunefind.com/artist/radiohead
3,S3E6,Life in a Glasshouse (Full Length Version),https://www.tunefind.com/song/140238/185269/,Radiohead,https://www.tunefind.com/artist/radiohead
4,S4E1,Adore,https://www.tunefind.com/song/97876/179507/,Savages,https://www.tunefind.com/artist/savages
4,S4E1,Alas Salvation,https://www.tunefind.com/song/135919/179419/,Yak,https://www.tunefind.com/artist/yak
4,S4E1,Red Right Hand (triple j Like a Version),https://www.tunefind.com/song/135979/179509/,FIDLAR,https://www.tunefind.com/artist/fidlar
4,S4E1,Red Right Hand (Single Version) [1998 Remastered Version],https://www.tunefind.com/song/10253/195555/red-right-hand,Nick Cave & The Bad Seeds,https://www.tunefind.com/artist/nick-cave-the-bad-seeds
4,S4E1,No Heaven No Hell,https://www.tunefind.com/song/218733/289231/,Antony Genn,https://www.tunefind.com/artist/antony-genn
4,S4E1,Luca in Tommys Office,https://www.tunefind.com/song/270228/359023/,Antony Genn,https://www.tunefind.com/artist/antony-genn
4,S4E2,Lost,https://www.tunefind.com/song/136885/180642/,TOMMYANDMARY,https://www.tunefind.com/artist/tommyandmary
4,S4E2,The Mercy Seat (Live from KCRW),https://www.tunefind.com/song/136889/180649/,Nick Cave & The Bad Seeds,https://www.tunefind.com/artist/nick-cave-the-bad-seeds
4,S4E2,The Longing,https://www.tunefind.com/song/137408/181370/,Imelda May,https://www.tunefind.com/artist/imelda-may
4,S4E2,Further On Up the Road,https://www.tunefind.com/song/136888/180647/,Johnny Cash,https://www.tunefind.com/artist/johnny-cash
4,S4E2,Bonnie Shows 'em What He's Got,https://www.tunefind.com/song/272384/362604/,Antony Genn,https://www.tunefind.com/artist/antony-genn
4,S4E3,Heart of a Dog,https://www.tunefind.com/song/97671/181107/,The Kills,https://www.tunefind.com/artist/the-kills
4,S4E3,Bye Bye Blackbird,https://www.tunefind.com/song/137235/181111/,Gene Austin,https://www.tunefind.com/artist/gene-austin
4,S4E3,Devil Inside Me,https://www.tunefind.com/song/137298/181207/,Frank Carter & The Rattlesnakes,https://www.tunefind.com/artist/frank-carter-the-rattlesnakes
4,S4E3,What Has Happened,https://www.tunefind.com/song/154440/206097/,Klaus Badelt,https://www.tunefind.com/artist/klaus-badelt
4,S4E3,I Wish,https://www.tunefind.com/song/137211/181077/,Rachel Unthank,https://www.tunefind.com/artist/rachel-unthank
4,S4E3,Polly Meets Luca,https://www.tunefind.com/song/162863/217718/,Martin Slattery & Anthony Genn,https://www.tunefind.com/artist/martin-slattery-anthony-genn
4,S4E3,Shutdown (Skepta cover),https://www.tunefind.com/song/208826/275934/,Martin Slattery & Antony Genn,https://www.tunefind.com/artist/martin-slattery-antony-genn
4,S4E4,Snake Oil,https://www.tunefind.com/song/112844/181573/,Foals,https://www.tunefind.com/artist/foals
4,S4E4,Stagger Lee (2011 Remastered Version),https://www.tunefind.com/song/137644/181652/,Nick Cave & The Bad Seeds,https://www.tunefind.com/artist/nick-cave-the-bad-seeds
4,S4E4,Beat the Devil's Tattoo,https://www.tunefind.com/song/20457/181572/beat-the-devils-tattoo,Black Rebel Motorcycle Club,https://www.tunefind.com/artist/black-rebel-motorcycle-club
4,S4E5,Red Right Hand,https://www.tunefind.com/song/138422/182644/,Iggy Pop,https://www.tunefind.com/artist/iggy-pop
4,S4E5,Saved These Words,https://www.tunefind.com/song/138420/182642/,Laura Marling,https://www.tunefind.com/artist/laura-marling
4,S4E5,The Boy I Love is up in the Gallery,https://www.tunefind.com/song/138326/182525/,Dara MacMahon,https://www.tunefind.com/artist/dara-macmahon
4,S4E5,Bring it On,https://www.tunefind.com/song/139360/183902/,Martin Slattery and Antony Genn,https://www.tunefind.com/artist/martin-slattery-and-antony-genn
4,S4E6,Red Right Hand,https://www.tunefind.com/song/138740/183074/,Laura Marling,https://www.tunefind.com/artist/laura-marling
4,S4E6,Pyramid Song,https://www.tunefind.com/song/138739/183073/,Radiohead,https://www.tunefind.com/artist/radiohead
4,S4E6,A Hard Rain's a-Gonna Fall,https://www.tunefind.com/song/138751/183088/,Laura Marling,https://www.tunefind.com/artist/laura-marling
4,S4E6,Shutdown,https://www.tunefind.com/song/182834/243006/,Skepta,https://www.tunefind.com/artist/skepta
4,S4E6,Never Fight A Man With A Perm,https://www.tunefind.com/song/229497/359748/,IDLES,https://www.tunefind.com/artist/idles
5,S5E1,I'm a Man,https://www.tunefind.com/song/58081/297486/,Black Strobe,https://www.tunefind.com/artist/black-strobe
5,S5E1,The Wizard,https://www.tunefind.com/song/224528/297487/,Black Sabbath,https://www.tunefind.com/artist/black-sabbath
5,S5E1,Uber Capitalist Death Trade,https://www.tunefind.com/song/224529/297488/,Cabbage,https://www.tunefind.com/artist/cabbage
5,S5E1,You’re Not God (from ‘Peaky Blinders’ Original Soundtrack),https://www.tunefind.com/song/232104/313733/,Anna Calvi,https://www.tunefind.com/artist/anna-calvi
5,S5E2,Rider to the Sea,https://www.tunefind.com/song/36836/298312/,Anna Calvi,https://www.tunefind.com/artist/anna-calvi
5,S5E2,Love U 2 Death,https://www.tunefind.com/song/224872/298158/,The Darts (U.S.),https://www.tunefind.com/artist/the-darts-us
5,S5E2,Evil,https://www.tunefind.com/song/224852/298120/,Nadine Shah,https://www.tunefind.com/artist/nadine-shah
5,S5E3,Black Blood,https://www.tunefind.com/song/225926/299566/,The Pearl Harts,https://www.tunefind.com/artist/the-pearl-harts
5,S5E3,Lady Grinning Soul (Strange Weather EP),https://www.tunefind.com/song/225950/299599/,Anna Calvi,https://www.tunefind.com/artist/anna-calvi
5,S5E3,Out of the Black,https://www.tunefind.com/song/72377/319641/,Royal Blood,https://www.tunefind.com/artist/royal-blood
5,S5E3,ain't no grave,https://www.tunefind.com/song/225955/299611/,Anna Calvi,https://www.tunefind.com/artist/anna-calvi
5,S5E4,Papi Pacify,https://www.tunefind.com/song/224871/308308/,Anna Calvi,https://www.tunefind.com/artist/anna-calvi
5,S5E4,I'm the Man,https://www.tunefind.com/song/232550/308309/,Jehnny Beth,https://www.tunefind.com/artist/jehnny-beth
5,S5E4,The Last Hangman,https://www.tunefind.com/song/227192/301121/,Hotel Lux,https://www.tunefind.com/artist/hotel-lux
5,S5E4,Dona Nobis Pacem 2,https://www.tunefind.com/song/232551/308310/,Mari Samuelson,https://www.tunefind.com/artist/mari-samuelson
5,S5E4,Climbing up the Walls,https://www.tunefind.com/song/228213/321884/,Radiohead,https://www.tunefind.com/artist/radiohead
5,S5E4,Wish,https://www.tunefind.com/song/229544/304209/,Anna Calvi,https://www.tunefind.com/artist/anna-calvi
5,S5E5,Composition 7,https://www.tunefind.com/song/229857/304596/,Anna Calvi,https://www.tunefind.com/artist/anna-calvi
5,S5E5,Climbing up the Walls,https://www.tunefind.com/song/228213/302432/,Radiohead,https://www.tunefind.com/artist/radiohead
5,S5E5,Divide & Conquer,https://www.tunefind.com/song/228219/302450/,IDLES,https://www.tunefind.com/artist/idles
5,S5E5,Atmosphere,https://www.tunefind.com/song/114897/302415/,Joy Division,https://www.tunefind.com/artist/joy-division
5,S5E5,War Pigs,https://www.tunefind.com/song/216919/302413/,Black Sabbath,https://www.tunefind.com/artist/black-sabbath
5,S5E5,You’re Not God (from ‘Peaky Blinders’ Original Soundtrack),https://www.tunefind.com/song/232104/307700/,Anna Calvi,https://www.tunefind.com/artist/anna-calvi
5,S5E6,Composition 9,https://www.tunefind.com/song/229858/304597/,Anna Calvi,https://www.tunefind.com/artist/anna-calvi
5,S5E6,Wish,https://www.tunefind.com/song/229544/304201/,Anna Calvi,https://www.tunefind.com/artist/anna-calvi
5,S5E6,Ballad of a Thin Man,https://www.tunefind.com/song/229545/304202/,Richard Hawley,https://www.tunefind.com/artist/richard-hawley
5,S5E6,I'm Scum,https://www.tunefind.com/song/229511/304165/,IDLES,https://www.tunefind.com/artist/idles
5,S5E6,Never Fight A Man With A Perm,https://www.tunefind.com/song/229497/304148/,IDLES,https://www.tunefind.com/artist/idles
5,S5E6,"Episode 6: Composition 8 ""How My Mother Went""",https://www.tunefind.com/song/242387/320854/,Anna Calvi,https://www.tunefind.com/artist/anna-calvi
5,S5E6,Papi Pacify,https://www.tunefind.com/song/224871/304254/,Anna Calvi,https://www.tunefind.com/artist/anna-calvi
